placement,family,noise,seed,method,rmse,mae,decision_agreement,missed_exceedance,tp,fn,fp,tn,prevalence,recall,precision,false_positive_rate,balanced_accuracy
geometry_independent,local_defect,0.003,0,uncertainty_only,0.00318241062785879,0.002194949394121113,0.9968,0.6666666666666666,1,2,0,622,0.0048,0.3333333333333333,1.0,0.0,0.6666666666666666
geometry_independent,local_defect,0.003,0,two_sided_straddle,0.003186995516367259,0.002382400526353165,1.0,0.0,3,0,0,622,0.0048,1.0,1.0,0.0,1.0
geometry_independent,local_defect,0.003,0,posterior_risk,0.004469871818026236,0.002755349849895161,0.9952,1.0,0,3,0,622,0.0048,0.0,0.0,0.0,0.5
geometry_independent,local_defect,0.003,0,evidence_no_geometry,0.0028316386913259236,0.002189900191798314,0.9984,0.0,3,0,1,621,0.0048,1.0,0.75,0.001607717041800643,0.9991961414790997
geometry_independent,local_defect,0.003,0,evidence_gated,0.0030225077793679883,0.002369572438997318,1.0,0.0,3,0,0,622,0.0048,1.0,1.0,0.0,1.0
geometry_independent,local_defect,0.003,1,uncertainty_only,0.0035899919432655974,0.002468983689347542,0.992,0.08695652173913043,21,2,3,599,0.0368,0.9130434782608695,0.875,0.0049833887043189366,0.9540300447782752
geometry_independent,local_defect,0.003,1,two_sided_straddle,0.003228709138020016,0.002338872456790445,0.9936,0.0,23,0,4,598,0.0368,1.0,0.8518518518518519,0.006644518272425249,0.9966777408637874
geometry_independent,local_defect,0.003,1,posterior_risk,0.0031973219318457468,0.0023009026369473764,0.9952,0.0,23,0,3,599,0.0368,1.0,0.8846153846153846,0.0049833887043189366,0.9975083056478405
geometry_independent,local_defect,0.003,1,evidence_no_geometry,0.0026685985025108635,0.00204941636075347,0.9904,0.08695652173913043,21,2,4,598,0.0368,0.9130434782608695,0.84,0.006644518272425249,0.953199479994222
geometry_independent,local_defect,0.003,1,evidence_gated,0.0036772092714007294,0.0025336495181663707,0.9936,0.0,23,0,4,598,0.0368,1.0,0.8518518518518519,0.006644518272425249,0.9966777408637874
geometry_independent,local_defect,0.003,2,uncertainty_only,0.004330443221021152,0.002477499619521556,0.9936,0.8,1,4,0,620,0.008,0.2,1.0,0.0,0.6
geometry_independent,local_defect,0.003,2,two_sided_straddle,0.005531140809229459,0.0026152806572947804,0.992,1.0,0,5,0,620,0.008,0.0,0.0,0.0,0.5
geometry_independent,local_defect,0.003,2,posterior_risk,0.005575248114543176,0.002718214763072106,0.992,1.0,0,5,0,620,0.008,0.0,0.0,0.0,0.5
geometry_independent,local_defect,0.003,2,evidence_no_geometry,0.0055859960811924575,0.002714007225547216,0.992,1.0,0,5,0,620,0.008,0.0,0.0,0.0,0.5
geometry_independent,local_defect,0.003,2,evidence_gated,0.005354753566389703,0.0024710135807730614,0.992,1.0,0,5,0,620,0.008,0.0,0.0,0.0,0.5
geometry_independent,local_defect,0.003,3,uncertainty_only,0.0035714444011985683,0.0026179549864439005,0.9904,0.058823529411764705,16,1,5,603,0.0272,0.9411764705882353,0.7619047619047619,0.008223684210526315,0.9664763931888545
geometry_independent,local_defect,0.003,3,two_sided_straddle,0.0036443795124010974,0.002548301260757516,0.9952,0.11764705882352941,15,2,1,607,0.0272,0.8823529411764706,0.9375,0.001644736842105263,0.9403541021671826
geometry_independent,local_defect,0.003,3,posterior_risk,0.0032422513095464707,0.002365235613188319,0.9968,0.11764705882352941,15,2,0,608,0.0272,0.8823529411764706,1.0,0.0,0.9411764705882353
geometry_independent,local_defect,0.003,3,evidence_no_geometry,0.0031141032876047794,0.002243346427301301,0.9984,0.058823529411764705,16,1,0,608,0.0272,0.9411764705882353,1.0,0.0,0.9705882352941176
geometry_independent,local_defect,0.003,3,evidence_gated,0.003022948957088239,0.002146913048539416,0.9984,0.058823529411764705,16,1,0,608,0.0272,0.9411764705882353,1.0,0.0,0.9705882352941176
geometry_independent,local_defect,0.003,4,uncertainty_only,0.003284564606337314,0.0024047334277852135,0.9952,0.05263157894736842,18,1,2,604,0.0304,0.9473684210526315,0.9,0.0033003300330033004,0.9720340455098141
geometry_independent,local_defect,0.003,4,two_sided_straddle,0.004208679123137217,0.002968931422418668,0.9952,0.05263157894736842,18,1,2,604,0.0304,0.9473684210526315,0.9,0.0033003300330033004,0.9720340455098141
geometry_independent,local_defect,0.003,4,posterior_risk,0.003973148813714585,0.002853069251291098,0.9952,0.05263157894736842,18,1,2,604,0.0304,0.9473684210526315,0.9,0.0033003300330033004,0.9720340455098141
geometry_independent,local_defect,0.003,4,evidence_no_geometry,0.0034374270930001,0.002447821573828259,0.992,0.0,19,0,5,601,0.0304,1.0,0.7916666666666666,0.00825082508250825,0.9958745874587458
geometry_independent,local_defect,0.003,4,evidence_gated,0.004304751827427905,0.0027760501845549256,0.9952,0.05263157894736842,18,1,2,604,0.0304,0.9473684210526315,0.9,0.0033003300330033004,0.9720340455098141
geometry_independent,local_defect,0.003,5,uncertainty_only,0.0023693389153121892,0.0018606801743492173,0.9888,0.15,34,6,1,584,0.064,0.85,0.9714285714285714,0.0017094017094017094,0.9241452991452992
geometry_independent,local_defect,0.003,5,two_sided_straddle,0.0034544717792538817,0.0026949069514417188,0.9824,0.2,32,8,3,582,0.064,0.8,0.9142857142857143,0.005128205128205128,0.8974358974358975
geometry_independent,local_defect,0.003,5,posterior_risk,0.004112539521588056,0.0031778757524621435,0.9824,0.15,34,6,5,580,0.064,0.85,0.8717948717948718,0.008547008547008548,0.9207264957264958
geometry_independent,local_defect,0.003,5,evidence_no_geometry,0.00382012344637191,0.002716307452716657,0.9792,0.2,32,8,5,580,0.064,0.8,0.8648648648648649,0.008547008547008548,0.8957264957264958
geometry_independent,local_defect,0.003,5,evidence_gated,0.003461194507385286,0.002557494466701951,0.9808,0.175,33,7,5,580,0.064,0.825,0.868421052631579,0.008547008547008548,0.9082264957264957
geometry_independent,local_defect,0.003,6,uncertainty_only,0.0031008259303048546,0.002230814522284078,0.9824,0.8888888888888888,1,8,3,613,0.0144,0.1111111111111111,0.25,0.00487012987012987,0.5531204906204906
geometry_independent,local_defect,0.003,6,two_sided_straddle,0.0028947359965719637,0.0022884173595871995,0.992,0.4444444444444444,5,4,1,615,0.0144,0.5555555555555556,0.8333333333333334,0.0016233766233766235,0.7769660894660895
geometry_independent,local_defect,0.003,6,posterior_risk,0.003505501230359597,0.0026925596123415657,0.9936,0.2222222222222222,7,2,2,614,0.0144,0.7777777777777778,0.7777777777777778,0.003246753246753247,0.8872655122655122
geometry_independent,local_defect,0.003,6,evidence_no_geometry,0.00341348894901235,0.0026047620522387173,0.9936,0.3333333333333333,6,3,1,615,0.0144,0.6666666666666666,0.8571428571428571,0.0016233766233766235,0.832521645021645
geometry_independent,local_defect,0.003,6,evidence_gated,0.0033817594271626362,0.00240819106748321,0.992,0.3333333333333333,6,3,2,614,0.0144,0.6666666666666666,0.75,0.003246753246753247,0.8317099567099566
geometry_independent,local_defect,0.003,7,uncertainty_only,0.0035395512764244312,0.0024530076285806655,0.992,0.1111111111111111,16,2,3,604,0.0288,0.8888888888888888,0.8421052631578947,0.004942339373970346,0.9419732747574592
geometry_independent,local_defect,0.003,7,two_sided_straddle,0.0030816841280446503,0.0023294077517424044,0.9904,0.0,18,0,6,601,0.0288,1.0,0.75,0.009884678747940691,0.9950576606260296
geometry_independent,local_defect,0.003,7,posterior_risk,0.0033236850880267,0.002616063380368279,0.9936,0.0,18,0,4,603,0.0288,1.0,0.8181818181818182,0.006589785831960461,0.9967051070840198
geometry_independent,local_defect,0.003,7,evidence_no_geometry,0.0030479533560134188,0.002288297469203745,0.9936,0.0,18,0,4,603,0.0288,1.0,0.8181818181818182,0.006589785831960461,0.9967051070840198
geometry_independent,local_defect,0.003,7,evidence_gated,0.0029024853706931778,0.0022977489473452422,0.9936,0.0,18,0,4,603,0.0288,1.0,0.8181818181818182,0.006589785831960461,0.9967051070840198
geometry_independent,local_defect,0.008,0,uncertainty_only,0.005853582483978956,0.004606475663937807,0.9936,1.0,0,3,1,621,0.0048,0.0,0.0,0.001607717041800643,0.4991961414790997
geometry_independent,local_defect,0.008,0,two_sided_straddle,0.007500191069819527,0.005605367233221445,0.9952,1.0,0,3,0,622,0.0048,0.0,0.0,0.0,0.5
geometry_independent,local_defect,0.008,0,posterior_risk,0.007757687477646806,0.005295043222213069,0.9952,1.0,0,3,0,622,0.0048,0.0,0.0,0.0,0.5
geometry_independent,local_defect,0.008,0,evidence_no_geometry,0.007129625536658604,0.0056074232839972695,0.9952,1.0,0,3,0,622,0.0048,0.0,0.0,0.0,0.5
geometry_independent,local_defect,0.008,0,evidence_gated,0.005918172135614598,0.004846983297356543,0.9984,0.3333333333333333,2,1,0,622,0.0048,0.6666666666666666,1.0,0.0,0.8333333333333333
geometry_independent,local_defect,0.008,1,uncertainty_only,0.006704756159195664,0.005443386302679267,0.9776,0.043478260869565216,22,1,13,589,0.0368,0.9565217391304348,0.6285714285714286,0.02159468438538206,0.9674635273725264
geometry_independent,local_defect,0.008,1,two_sided_straddle,0.006070416538914145,0.0049146248771633465,0.9824,0.0,23,0,11,591,0.0368,1.0,0.6764705882352942,0.018272425249169437,0.9908637873754154
geometry_independent,local_defect,0.008,1,posterior_risk,0.006704651192538056,0.005367512018112032,0.9872,0.043478260869565216,22,1,7,595,0.0368,0.9565217391304348,0.7586206896551724,0.011627906976744186,0.9724469160768453
geometry_independent,local_defect,0.008,1,evidence_no_geometry,0.006024509307392476,0.004777971193195597,0.9856,0.043478260869565216,22,1,8,594,0.0368,0.9565217391304348,0.7333333333333333,0.013289036544850499,0.9716163512927922
geometry_independent,local_defect,0.008,1,evidence_gated,0.006874960070219283,0.005517041240974516,0.9888,0.0,23,0,7,595,0.0368,1.0,0.7666666666666667,0.011627906976744186,0.9941860465116279
geometry_independent,local_defect,0.008,2,uncertainty_only,0.007042003493577441,0.005357893798612363,0.992,1.0,0,5,0,620,0.008,0.0,0.0,0.0,0.5
geometry_independent,local_defect,0.008,2,two_sided_straddle,0.006361319954154594,0.004970757905155435,0.992,1.0,0,5,0,620,0.008,0.0,0.0,0.0,0.5
geometry_independent,local_defect,0.008,2,posterior_risk,0.007628152399991419,0.005311793415545462,0.992,1.0,0,5,0,620,0.008,0.0,0.0,0.0,0.5
geometry_independent,local_defect,0.008,2,evidence_no_geometry,0.0075405562280526734,0.005502644691406469,0.992,1.0,0,5,0,620,0.008,0.0,0.0,0.0,0.5
geometry_independent,local_defect,0.008,2,evidence_gated,0.007010416666248139,0.0054200025192194575,0.992,1.0,0,5,0,620,0.008,0.0,0.0,0.0,0.5
geometry_independent,local_defect,0.008,3,uncertainty_only,0.006147758724602579,0.00477367973498887,0.992,0.11764705882352941,15,2,3,605,0.0272,0.8823529411764706,0.8333333333333334,0.004934210526315789,0.9387093653250773
geometry_independent,local_defect,0.008,3,two_sided_straddle,0.00660485848711556,0.0050721279070561525,0.992,0.17647058823529413,14,3,2,606,0.0272,0.8235294117647058,0.875,0.003289473684210526,0.9101199690402477
geometry_independent,local_defect,0.008,3,posterior_risk,0.006647407154532616,0.005372666680419988,0.9936,0.17647058823529413,14,3,1,607,0.0272,0.8235294117647058,0.9333333333333333,0.001644736842105263,0.9109423374613003
geometry_independent,local_defect,0.008,3,evidence_no_geometry,0.006777397372082326,0.005159276531242364,0.992,0.11764705882352941,15,2,3,605,0.0272,0.8823529411764706,0.8333333333333334,0.004934210526315789,0.9387093653250773
geometry_independent,local_defect,0.008,3,evidence_gated,0.006386432055031164,0.0050161053716476145,0.992,0.11764705882352941,15,2,3,605,0.0272,0.8823529411764706,0.8333333333333334,0.004934210526315789,0.9387093653250773
geometry_independent,local_defect,0.008,4,uncertainty_only,0.006990740808137304,0.005487214902286673,0.992,0.05263157894736842,18,1,4,602,0.0304,0.9473684210526315,0.8181818181818182,0.006600660066006601,0.9703838804933125
geometry_independent,local_defect,0.008,4,two_sided_straddle,0.0068459296874486385,0.0052819734203414445,0.9904,0.10526315789473684,17,2,4,602,0.0304,0.8947368421052632,0.8095238095238095,0.006600660066006601,0.9440680910196283
geometry_independent,local_defect,0.008,4,posterior_risk,0.0069153156894818935,0.0053471731602497095,0.9904,0.10526315789473684,17,2,4,602,0.0304,0.8947368421052632,0.8095238095238095,0.006600660066006601,0.9440680910196283
geometry_independent,local_defect,0.008,4,evidence_no_geometry,0.006523327621752627,0.005019658817243926,0.9904,0.10526315789473684,17,2,4,602,0.0304,0.8947368421052632,0.8095238095238095,0.006600660066006601,0.9440680910196283
geometry_independent,local_defect,0.008,4,evidence_gated,0.006369193978846601,0.004893926393284758,0.9936,0.05263157894736842,18,1,3,603,0.0304,0.9473684210526315,0.8571428571428571,0.0049504950495049506,0.9712089630015632
geometry_independent,local_defect,0.008,5,uncertainty_only,0.006541744327862858,0.005240426095382151,0.9536,0.2,32,8,21,564,0.064,0.8,0.6037735849056604,0.035897435897435895,0.882051282051282
geometry_independent,local_defect,0.008,5,two_sided_straddle,0.007405180631621429,0.0060046371416210805,0.944,0.2,32,8,27,558,0.064,0.8,0.5423728813559322,0.046153846153846156,0.8769230769230769
geometry_independent,local_defect,0.008,5,posterior_risk,0.006806678199809009,0.005549784032273765,0.9664,0.25,30,10,11,574,0.064,0.75,0.7317073170731707,0.018803418803418803,0.8655982905982906
geometry_independent,local_defect,0.008,5,evidence_no_geometry,0.006315620397862772,0.005045173851815024,0.9696,0.225,31,9,10,575,0.064,0.775,0.7560975609756098,0.017094017094017096,0.8789529914529914
geometry_independent,local_defect,0.008,5,evidence_gated,0.0056846853681880635,0.004558590648272439,0.9744,0.225,31,9,7,578,0.064,0.775,0.8157894736842105,0.011965811965811967,0.881517094017094
geometry_independent,local_defect,0.008,6,uncertainty_only,0.007265871274633798,0.005722180489779982,0.9728,0.2222222222222222,7,2,15,601,0.0144,0.7777777777777778,0.3181818181818182,0.024350649350649352,0.8767135642135642
geometry_independent,local_defect,0.008,6,two_sided_straddle,0.006937484951170515,0.005436125383170816,0.9904,0.2222222222222222,7,2,4,612,0.0144,0.7777777777777778,0.6363636363636364,0.006493506493506494,0.8856421356421357
geometry_independent,local_defect,0.008,6,posterior_risk,0.006294778654602416,0.0049278123239475235,0.9872,0.2222222222222222,7,2,6,610,0.0144,0.7777777777777778,0.5384615384615384,0.00974025974025974,0.884018759018759
geometry_independent,local_defect,0.008,6,evidence_no_geometry,0.006197489412372515,0.004978714015039213,0.9856,0.2222222222222222,7,2,7,609,0.0144,0.7777777777777778,0.5,0.011363636363636364,0.8832070707070707
geometry_independent,local_defect,0.008,6,evidence_gated,0.0071224291724398215,0.005627399670930746,0.984,0.4444444444444444,5,4,6,610,0.0144,0.5555555555555556,0.45454545454545453,0.00974025974025974,0.772907647907648
geometry_independent,local_defect,0.008,7,uncertainty_only,0.005969306062727946,0.004543035010128807,0.9824,0.16666666666666666,15,3,8,599,0.0288,0.8333333333333334,0.6521739130434783,0.013179571663920923,0.9100768808347062
geometry_independent,local_defect,0.008,7,two_sided_straddle,0.006215738246883986,0.004638058291587005,0.9856,0.1111111111111111,16,2,7,600,0.0288,0.8888888888888888,0.6956521739130435,0.011532125205930808,0.938678381841479
geometry_independent,local_defect,0.008,7,posterior_risk,0.006620074538538676,0.005223698601304584,0.9888,0.16666666666666666,15,3,4,603,0.0288,0.8333333333333334,0.7894736842105263,0.006589785831960461,0.9133717737506865
geometry_independent,local_defect,0.008,7,evidence_no_geometry,0.0055484766394960135,0.004437479537977724,0.9872,0.1111111111111111,16,2,6,601,0.0288,0.8888888888888888,0.7272727272727273,0.009884678747940691,0.939502105070474
geometry_independent,local_defect,0.008,7,evidence_gated,0.006058349849658511,0.0049716023124073815,0.9824,0.1111111111111111,16,2,9,598,0.0288,0.8888888888888888,0.64,0.014827018121911038,0.9370309353834889
geometry_independent,mixed,0.003,0,uncertainty_only,0.004092156863782527,0.0029120185996598627,0.9808,0.5,11,11,1,602,0.0352,0.5,0.9166666666666666,0.001658374792703151,0.7491708126036485
geometry_independent,mixed,0.003,0,two_sided_straddle,0.006083736118878426,0.004215007805658561,0.9792,0.45454545454545453,12,10,3,600,0.0352,0.5454545454545454,0.8,0.004975124378109453,0.7702397105382179
geometry_independent,mixed,0.003,0,posterior_risk,0.006359434631969272,0.0044325163686881434,0.9808,0.36363636363636365,14,8,4,599,0.0352,0.6363636363636364,0.7777777777777778,0.006633499170812604,0.8148650685964118
geometry_independent,mixed,0.003,0,evidence_no_geometry,0.004638873689710412,0.003291765164491624,0.9808,0.4090909090909091,13,9,3,600,0.0352,0.5909090909090909,0.8125,0.004975124378109453,0.7929669832654908
geometry_independent,mixed,0.003,0,evidence_gated,0.004449985482613057,0.003364718906543165,0.9888,0.18181818181818182,18,4,3,600,0.0352,0.8181818181818182,0.8571428571428571,0.004975124378109453,0.9066033469018544
geometry_independent,mixed,0.003,1,uncertainty_only,0.003838004894077724,0.002900016215612352,0.984,0.34615384615384615,17,9,1,598,0.0416,0.6538461538461539,0.9444444444444444,0.001669449081803005,0.8260883523821754
geometry_independent,mixed,0.003,1,two_sided_straddle,0.004674153631930987,0.003733912297015685,0.992,0.15384615384615385,22,4,1,598,0.0416,0.8461538461538461,0.9565217391304348,0.001669449081803005,0.9222421985360216
geometry_independent,mixed,0.003,1,posterior_risk,0.005963299562677714,0.004571560165951984,0.9968,0.038461538461538464,25,1,1,598,0.0416,0.9615384615384616,0.9615384615384616,0.001669449081803005,0.9799345062283293
geometry_independent,mixed,0.003,1,evidence_no_geometry,0.005136618991227053,0.003930625889502377,0.9984,0.038461538461538464,25,1,0,599,0.0416,0.9615384615384616,1.0,0.0,0.9807692307692308
geometry_independent,mixed,0.003,1,evidence_gated,0.004301883364817768,0.0034583267449403913,0.992,0.19230769230769232,21,5,0,599,0.0416,0.8076923076923077,1.0,0.0,0.9038461538461539
geometry_independent,mixed,0.003,2,uncertainty_only,0.003260769194798313,0.0026228551016404477,0.9888,0.3684210526315789,12,7,0,606,0.0304,0.631578947368421,1.0,0.0,0.8157894736842105
geometry_independent,mixed,0.003,2,two_sided_straddle,0.0036763691203478906,0.00289706306556012,0.9936,0.21052631578947367,15,4,0,606,0.0304,0.7894736842105263,1.0,0.0,0.8947368421052632
geometry_independent,mixed,0.003,2,posterior_risk,0.00545336139614417,0.004030995113053673,0.9952,0.10526315789473684,17,2,1,605,0.0304,0.8947368421052632,0.9444444444444444,0.0016501650165016502,0.9465433385443808
geometry_independent,mixed,0.003,2,evidence_no_geometry,0.003994226463512956,0.002962528457674384,0.9936,0.21052631578947367,15,4,0,606,0.0304,0.7894736842105263,1.0,0.0,0.8947368421052632
geometry_independent,mixed,0.003,2,evidence_gated,0.004127646049987932,0.00320662433705317,0.9968,0.10526315789473684,17,2,0,606,0.0304,0.8947368421052632,1.0,0.0,0.9473684210526316
geometry_independent,mixed,0.003,3,uncertainty_only,0.004747695513955753,0.0032582957094518476,0.9712,0.34146341463414637,27,14,4,580,0.0656,0.6585365853658537,0.8709677419354839,0.00684931506849315,0.8258436351486802
geometry_independent,mixed,0.003,3,two_sided_straddle,0.004892329543395929,0.0036944170263404578,0.9808,0.17073170731707318,34,7,5,579,0.0656,0.8292682926829268,0.8717948717948718,0.008561643835616438,0.9103533244236552
geometry_independent,mixed,0.003,3,posterior_risk,0.007004486709223055,0.00479901437729355,0.992,0.07317073170731707,38,3,2,582,0.0656,0.926829268292683,0.95,0.003424657534246575,0.9617023053792182
geometry_independent,mixed,0.003,3,evidence_no_geometry,0.005037669090848369,0.0036909142448245027,0.9952,0.07317073170731707,38,3,0,584,0.0656,0.926829268292683,1.0,0.0,0.9634146341463414
geometry_independent,mixed,0.003,3,evidence_gated,0.004818679505440693,0.0036980204444818994,0.9872,0.0975609756097561,37,4,4,580,0.0656,0.9024390243902439,0.9024390243902439,0.00684931506849315,0.9477948546608754
geometry_independent,mixed,0.003,4,uncertainty_only,0.0045284835385306175,0.0032254986040191826,0.984,0.2,16,4,6,599,0.032,0.8,0.7272727272727273,0.009917355371900827,0.8950413223140496
geometry_independent,mixed,0.003,4,two_sided_straddle,0.005996237321441781,0.004472338184733184,0.9856,0.15,17,3,6,599,0.032,0.85,0.7391304347826086,0.009917355371900827,0.9200413223140496
geometry_independent,mixed,0.003,4,posterior_risk,0.007105489561048532,0.0053754100153133345,0.9904,0.1,18,2,4,601,0.032,0.9,0.8181818181818182,0.006611570247933884,0.9466942148760331
geometry_independent,mixed,0.003,4,evidence_no_geometry,0.005774193375160063,0.004253325323872588,0.9904,0.15,17,3,3,602,0.032,0.85,0.85,0.0049586776859504135,0.9225206611570248
geometry_independent,mixed,0.003,4,evidence_gated,0.006332734757709827,0.004564855180205336,0.9888,0.15,17,3,4,601,0.032,0.85,0.8095238095238095,0.006611570247933884,0.921694214876033
geometry_independent,mixed,0.003,5,uncertainty_only,0.004626329501627977,0.0031467331358914796,0.9808,0.5882352941176471,7,10,2,606,0.0272,0.4117647058823529,0.7777777777777778,0.003289473684210526,0.7042376160990712
geometry_independent,mixed,0.003,5,two_sided_straddle,0.006021448895676403,0.003647532411014862,0.9808,0.5882352941176471,7,10,2,606,0.0272,0.4117647058823529,0.7777777777777778,0.003289473684210526,0.7042376160990712
geometry_independent,mixed,0.003,5,posterior_risk,0.007443136658363976,0.004953155528977755,0.9792,0.6470588235294118,6,11,2,606,0.0272,0.35294117647058826,0.75,0.003289473684210526,0.6748258513931888
geometry_independent,mixed,0.003,5,evidence_no_geometry,0.006409385653808021,0.004118774235697148,0.9792,0.6470588235294118,6,11,2,606,0.0272,0.35294117647058826,0.75,0.003289473684210526,0.6748258513931888
geometry_independent,mixed,0.003,5,evidence_gated,0.0038172643484778814,0.0029149130930522654,0.9904,0.17647058823529413,14,3,3,605,0.0272,0.8235294117647058,0.8235294117647058,0.004934210526315789,0.9092976006191951
geometry_independent,mixed,0.003,6,uncertainty_only,0.0033664920829853083,0.002452453541486262,0.9888,0.125,21,3,4,597,0.0384,0.875,0.84,0.0066555740432612314,0.9341722129783694
geometry_independent,mixed,0.003,6,two_sided_straddle,0.004566588638038307,0.0033760925547723333,0.9904,0.16666666666666666,20,4,2,599,0.0384,0.8333333333333334,0.9090909090909091,0.0033277870216306157,0.9150027731558514
geometry_independent,mixed,0.003,6,posterior_risk,0.006508795793893569,0.004871450165796184,0.992,0.08333333333333333,22,2,3,598,0.0384,0.9166666666666666,0.88,0.004991680532445923,0.9558374930671103
geometry_independent,mixed,0.003,6,evidence_no_geometry,0.004815922917428127,0.0035893426225421707,0.9952,0.0,24,0,3,598,0.0384,1.0,0.8888888888888888,0.004991680532445923,0.997504159733777
geometry_independent,mixed,0.003,6,evidence_gated,0.005045915499967292,0.003636968598778347,0.9888,0.041666666666666664,23,1,6,595,0.0384,0.9583333333333334,0.7931034482758621,0.009983361064891847,0.9741749861342208
geometry_independent,mixed,0.003,7,uncertainty_only,0.0050124838274014,0.0030630018615278695,0.9776,0.375,20,12,2,591,0.0512,0.625,0.9090909090909091,0.003372681281618887,0.8108136593591906
geometry_independent,mixed,0.003,7,two_sided_straddle,0.007995396213195238,0.004911555651005423,0.9808,0.28125,23,9,3,590,0.0512,0.71875,0.8846153846153846,0.00505902192242833,0.8568454890387858
geometry_independent,mixed,0.003,7,posterior_risk,0.008984834042638832,0.005677506582965384,0.968,0.40625,19,13,7,586,0.0512,0.59375,0.7307692307692307,0.011804384485666104,0.7909728077571669
geometry_independent,mixed,0.003,7,evidence_no_geometry,0.005802065169960316,0.004036582506651109,0.9808,0.15625,27,5,7,586,0.0512,0.84375,0.7941176470588235,0.011804384485666104,0.9159728077571669
geometry_independent,mixed,0.003,7,evidence_gated,0.007026883778157817,0.00487841060941346,0.9792,0.15625,27,5,8,585,0.0512,0.84375,0.7714285714285715,0.013490725126475547,0.9151296374367622
geometry_independent,mixed,0.008,0,uncertainty_only,0.0072852920790401135,0.00587593829802032,0.9696,0.4090909090909091,13,9,10,593,0.0352,0.5909090909090909,0.5652173913043478,0.01658374792703151,0.7871626714910297
geometry_independent,mixed,0.008,0,two_sided_straddle,0.00947745770452903,0.007433172847039222,0.9744,0.2727272727272727,16,6,10,593,0.0352,0.7272727272727273,0.6153846153846154,0.01658374792703151,0.8553444896728479
geometry_independent,mixed,0.008,0,posterior_risk,0.00842793356609531,0.006494706395026365,0.9776,0.18181818181818182,18,4,10,593,0.0352,0.8181818181818182,0.6428571428571429,0.01658374792703151,0.9007990351273933
geometry_independent,mixed,0.008,0,evidence_no_geometry,0.008456180883465517,0.006659391410242778,0.9776,0.13636363636363635,19,3,11,592,0.0352,0.8636363636363636,0.6333333333333333,0.01824212271973466,0.9226971204583145
geometry_independent,mixed,0.008,0,evidence_gated,0.008209762693734753,0.00637406357596768,0.9776,0.22727272727272727,17,5,9,594,0.0352,0.7727272727272727,0.6538461538461539,0.014925373134328358,0.8789009497964722
geometry_independent,mixed,0.008,1,uncertainty_only,0.007163579565743484,0.00568032008821961,0.9872,0.19230769230769232,21,5,3,596,0.0416,0.8076923076923077,0.875,0.005008347245409015,0.9013419802234494
geometry_independent,mixed,0.008,1,two_sided_straddle,0.0081926533748947,0.006215581948291014,0.992,0.0,26,0,5,594,0.0416,1.0,0.8387096774193549,0.008347245409015025,0.9958263772954925
geometry_independent,mixed,0.008,1,posterior_risk,0.009823146111393682,0.007567454835551963,0.9904,0.15384615384615385,22,4,2,597,0.0416,0.8461538461538461,0.9166666666666666,0.00333889816360601,0.9214074739951201
geometry_independent,mixed,0.008,1,evidence_no_geometry,0.008471112239668909,0.006494374036413703,0.9904,0.038461538461538464,25,1,5,594,0.0416,0.9615384615384616,0.8333333333333334,0.008347245409015025,0.9765956080647233
geometry_independent,mixed,0.008,1,evidence_gated,0.006916930200040915,0.005506600841265179,0.9904,0.11538461538461539,23,3,3,596,0.0416,0.8846153846153846,0.8846153846153846,0.005008347245409015,0.9398035186849878
geometry_independent,mixed,0.008,2,uncertainty_only,0.007064204129817675,0.005565292156744925,0.976,0.10526315789473684,17,2,13,593,0.0304,0.8947368421052632,0.5666666666666667,0.02145214521452145,0.9366423484453709
geometry_independent,mixed,0.008,2,two_sided_straddle,0.00733294775588261,0.005761026208164419,0.9824,0.3157894736842105,13,6,5,601,0.0304,0.6842105263157895,0.7222222222222222,0.00825082508250825,0.8379798506166406
geometry_independent,mixed,0.008,2,posterior_risk,0.00944472172532026,0.0076265160759833505,0.9824,0.10526315789473684,17,2,9,597,0.0304,0.8947368421052632,0.6538461538461539,0.01485148514851485,0.9399426784783742
geometry_independent,mixed,0.008,2,evidence_no_geometry,0.006654027757988578,0.005279371623423819,0.984,0.21052631578947367,15,4,6,600,0.0304,0.7894736842105263,0.7142857142857143,0.009900990099009901,0.8897863470557582
geometry_independent,mixed,0.008,2,evidence_gated,0.008635779844093675,0.0066978093589989485,0.9776,0.3157894736842105,13,6,8,598,0.0304,0.6842105263157895,0.6190476190476191,0.013201320132013201,0.8355046030918881
geometry_independent,mixed,0.008,3,uncertainty_only,0.007686390959948659,0.006090922818090477,0.9616,0.34146341463414637,27,14,10,574,0.0656,0.6585365853658537,0.7297297297297297,0.017123287671232876,0.8207066488473105
geometry_independent,mixed,0.008,3,two_sided_straddle,0.008093232846592014,0.006457431435982689,0.9744,0.2682926829268293,30,11,5,579,0.0656,0.7317073170731707,0.8571428571428571,0.008561643835616438,0.8615728366187771
geometry_independent,mixed,0.008,3,posterior_risk,0.008810561434706375,0.0070527960584426215,0.976,0.24390243902439024,31,10,5,579,0.0656,0.7560975609756098,0.8611111111111112,0.008561643835616438,0.8737679585699967
geometry_independent,mixed,0.008,3,evidence_no_geometry,0.009156686394054724,0.00744801626409998,0.9696,0.2926829268292683,29,12,7,577,0.0656,0.7073170731707317,0.8055555555555556,0.011986301369863013,0.8476653859004344
geometry_independent,mixed,0.008,3,evidence_gated,0.007089350599746783,0.005596850641486368,0.9776,0.1951219512195122,33,8,6,578,0.0656,0.8048780487804879,0.8461538461538461,0.010273972602739725,0.8973020380888741
geometry_independent,mixed,0.008,4,uncertainty_only,0.006165308871710221,0.004822716059613348,0.9792,0.3,14,6,7,598,0.032,0.7,0.6666666666666666,0.011570247933884297,0.8442148760330579
geometry_independent,mixed,0.008,4,two_sided_straddle,0.00836570912487814,0.006811765529617418,0.9808,0.2,16,4,8,597,0.032,0.8,0.6666666666666666,0.013223140495867768,0.8933884297520661
geometry_independent,mixed,0.008,4,posterior_risk,0.008102437644876243,0.006541910030558809,0.984,0.25,15,5,5,600,0.032,0.75,0.75,0.008264462809917356,0.8708677685950413
geometry_independent,mixed,0.008,4,evidence_no_geometry,0.007714847406925618,0.006214265730181872,0.9888,0.25,15,5,2,603,0.032,0.75,0.8823529411764706,0.003305785123966942,0.8733471074380166
geometry_independent,mixed,0.008,4,evidence_gated,0.007355672153605886,0.005853922975889657,0.9872,0.1,18,2,6,599,0.032,0.9,0.75,0.009917355371900827,0.9450413223140496
geometry_independent,mixed,0.008,5,uncertainty_only,0.006665272363053941,0.005279831172703741,0.96,0.7058823529411765,5,12,13,595,0.0272,0.29411764705882354,0.2777777777777778,0.02138157894736842,0.6363680340557275
geometry_independent,mixed,0.008,5,two_sided_straddle,0.008945656779705543,0.007029941275958579,0.9552,0.47058823529411764,9,8,20,588,0.0272,0.5294117647058824,0.3103448275862069,0.03289473684210526,0.7482585139318885
geometry_independent,mixed,0.008,5,posterior_risk,0.009506443039587972,0.007384180474998298,0.9632,0.4117647058823529,10,7,16,592,0.0272,0.5882352941176471,0.38461538461538464,0.02631578947368421,0.7809597523219814
geometry_independent,mixed,0.008,5,evidence_no_geometry,0.006798432471933776,0.005430585159126777,0.9616,0.47058823529411764,9,8,16,592,0.0272,0.5294117647058824,0.36,0.02631578947368421,0.7515479876160991
geometry_independent,mixed,0.008,5,evidence_gated,0.007132364503802659,0.0050849320743555715,0.9568,0.9411764705882353,1,16,11,597,0.0272,0.058823529411764705,0.08333333333333333,0.018092105263157895,0.5203657120743034
geometry_independent,mixed,0.008,6,uncertainty_only,0.005682042873785659,0.004602606642227191,0.9824,0.2916666666666667,17,7,4,597,0.0384,0.7083333333333334,0.8095238095238095,0.0066555740432612314,0.8508388796450361
geometry_independent,mixed,0.008,6,two_sided_straddle,0.007015917622329985,0.005109452836896881,0.9856,0.16666666666666666,20,4,5,596,0.0384,0.8333333333333334,0.8,0.008319467554076539,0.9125069328896285
geometry_independent,mixed,0.008,6,posterior_risk,0.009892791595547228,0.007261951381208011,0.976,0.4583333333333333,13,11,4,597,0.0384,0.5416666666666666,0.7647058823529411,0.0066555740432612314,0.7675055463117026
geometry_independent,mixed,0.008,6,evidence_no_geometry,0.008204396191202815,0.006104249264355894,0.976,0.2916666666666667,17,7,8,593,0.0384,0.7083333333333334,0.68,0.013311148086522463,0.8475110926234055
geometry_independent,mixed,0.008,6,evidence_gated,0.007091739056967266,0.005457755962030999,0.9728,0.5416666666666666,11,13,4,597,0.0384,0.4583333333333333,0.7333333333333333,0.0066555740432612314,0.725838879645036
geometry_independent,mixed,0.008,7,uncertainty_only,0.008623867781761297,0.006283049005044452,0.9552,0.5625,14,18,10,583,0.0512,0.4375,0.5833333333333334,0.016863406408094434,0.7103182967959527
geometry_independent,mixed,0.008,7,two_sided_straddle,0.010257524684678488,0.007261659579253163,0.9664,0.4375,18,14,7,586,0.0512,0.5625,0.72,0.011804384485666104,0.7753478077571669
geometry_independent,mixed,0.008,7,posterior_risk,0.012979803128632379,0.009450062479387398,0.9632,0.46875,17,15,8,585,0.0512,0.53125,0.68,0.013490725126475547,0.7588796374367622
geometry_independent,mixed,0.008,7,evidence_no_geometry,0.007925904560749129,0.006354886582035008,0.9648,0.25,24,8,14,579,0.0512,0.75,0.631578947368421,0.023608768971332208,0.8631956155143339
geometry_independent,mixed,0.008,7,evidence_gated,0.007386445845980182,0.0058700287613081825,0.9696,0.28125,23,9,10,583,0.0512,0.71875,0.696969696969697,0.016863406408094434,0.8509432967959527
low_complexity,local_defect,0.003,0,uncertainty_only,0.0030252046075896397,0.002011971970226871,0.9968,0.14285714285714285,6,1,1,617,0.0112,0.8571428571428571,0.8571428571428571,0.0016181229773462784,0.9277623670827554
low_complexity,local_defect,0.003,0,two_sided_straddle,0.0026806893041663336,0.0021171386604755833,1.0,0.0,7,0,0,618,0.0112,1.0,1.0,0.0,1.0
low_complexity,local_defect,0.003,0,posterior_risk,0.0030757179016701066,0.002375743302414914,0.9984,0.0,7,0,1,617,0.0112,1.0,0.875,0.0016181229773462784,0.9991909385113269
low_complexity,local_defect,0.003,0,evidence_no_geometry,0.00299232360066644,0.002315191107542217,1.0,0.0,7,0,0,618,0.0112,1.0,1.0,0.0,1.0
low_complexity,local_defect,0.003,0,evidence_gated,0.0027523048037841813,0.002108715867352306,1.0,0.0,7,0,0,618,0.0112,1.0,1.0,0.0,1.0
low_complexity,local_defect,0.003,1,uncertainty_only,0.0028094194582612285,0.0021898766079375895,0.9936,0.0,11,0,4,610,0.0176,1.0,0.7333333333333333,0.006514657980456026,0.996742671009772
low_complexity,local_defect,0.003,1,two_sided_straddle,0.002643236545762459,0.0021111682240759558,0.9952,0.0,11,0,3,611,0.0176,1.0,0.7857142857142857,0.004885993485342019,0.997557003257329
low_complexity,local_defect,0.003,1,posterior_risk,0.002632521870819874,0.0020935059052511404,0.9952,0.0,11,0,3,611,0.0176,1.0,0.7857142857142857,0.004885993485342019,0.997557003257329
low_complexity,local_defect,0.003,1,evidence_no_geometry,0.002825527412492287,0.002189561460961591,0.9952,0.0,11,0,3,611,0.0176,1.0,0.7857142857142857,0.004885993485342019,0.997557003257329
low_complexity,local_defect,0.003,1,evidence_gated,0.0027911481172802743,0.0022599110862012847,0.9952,0.0,11,0,3,611,0.0176,1.0,0.7857142857142857,0.004885993485342019,0.997557003257329
low_complexity,local_defect,0.003,2,uncertainty_only,0.0029578396811610046,0.0019672389558462885,0.9968,0.16666666666666666,5,1,1,618,0.0096,0.8333333333333334,0.8333333333333334,0.0016155088852988692,0.9158589122240173
low_complexity,local_defect,0.003,2,two_sided_straddle,0.0026945041813020913,0.0020558136873953564,1.0,0.0,6,0,0,619,0.0096,1.0,1.0,0.0,1.0
low_complexity,local_defect,0.003,2,posterior_risk,0.0026838341086922834,0.0019997296160277245,1.0,0.0,6,0,0,619,0.0096,1.0,1.0,0.0,1.0
low_complexity,local_defect,0.003,2,evidence_no_geometry,0.0029123416852937776,0.0021025872673948484,0.9984,0.0,6,0,1,618,0.0096,1.0,0.8571428571428571,0.0016155088852988692,0.9991922455573505
low_complexity,local_defect,0.003,2,evidence_gated,0.0027927964194764733,0.0021592691228710477,1.0,0.0,6,0,0,619,0.0096,1.0,1.0,0.0,1.0
low_complexity,local_defect,0.003,3,uncertainty_only,0.003141661873538963,0.0024117098169789725,0.9984,0.0,10,0,1,614,0.016,1.0,0.9090909090909091,0.0016260162601626016,0.9991869918699188
low_complexity,local_defect,0.003,3,two_sided_straddle,0.0027439555944946572,0.002171186040050004,0.9984,0.1,9,1,0,615,0.016,0.9,1.0,0.0,0.95
low_complexity,local_defect,0.003,3,posterior_risk,0.0027400616896554038,0.002213380437867787,1.0,0.0,10,0,0,615,0.016,1.0,1.0,0.0,1.0
low_complexity,local_defect,0.003,3,evidence_no_geometry,0.002857157419775899,0.0023396987124732235,1.0,0.0,10,0,0,615,0.016,1.0,1.0,0.0,1.0
low_complexity,local_defect,0.003,3,evidence_gated,0.0031368927820879695,0.002490433774118139,1.0,0.0,10,0,0,615,0.016,1.0,1.0,0.0,1.0
low_complexity,local_defect,0.003,4,uncertainty_only,0.003156097755851319,0.0024034818546338735,0.9968,0.0,19,0,2,604,0.0304,1.0,0.9047619047619048,0.0033003300330033004,0.9983498349834983
low_complexity,local_defect,0.003,4,two_sided_straddle,0.003357550195694072,0.002378700157924715,0.9952,0.0,19,0,3,603,0.0304,1.0,0.8636363636363636,0.0049504950495049506,0.9975247524752475
low_complexity,local_defect,0.003,4,posterior_risk,0.0034710216906176862,0.0025773228632547072,0.9968,0.0,19,0,2,604,0.0304,1.0,0.9047619047619048,0.0033003300330033004,0.9983498349834983
low_complexity,local_defect,0.003,4,evidence_no_geometry,0.0037159973568475124,0.0027430340804280922,0.9968,0.0,19,0,2,604,0.0304,1.0,0.9047619047619048,0.0033003300330033004,0.9983498349834983
low_complexity,local_defect,0.003,4,evidence_gated,0.0035859513186036803,0.002570783401037411,0.9952,0.05263157894736842,18,1,2,604,0.0304,0.9473684210526315,0.9,0.0033003300330033004,0.9720340455098141
low_complexity,local_defect,0.003,5,uncertainty_only,0.0030681561547310746,0.0020583762345100522,0.9824,0.17777777777777778,37,8,3,577,0.072,0.8222222222222222,0.925,0.005172413793103448,0.9085249042145593
low_complexity,local_defect,0.003,5,two_sided_straddle,0.004234625351390831,0.0025103980488543256,0.9856,0.15555555555555556,38,7,2,578,0.072,0.8444444444444444,0.95,0.0034482758620689655,0.9204980842911877
low_complexity,local_defect,0.003,5,posterior_risk,0.005555388541651654,0.00382743915957601,0.9824,0.13333333333333333,39,6,5,575,0.072,0.8666666666666667,0.8863636363636364,0.008620689655172414,0.9290229885057472
low_complexity,local_defect,0.003,5,evidence_no_geometry,0.0038383214633892536,0.002668286106056829,0.9824,0.13333333333333333,39,6,5,575,0.072,0.8666666666666667,0.8863636363636364,0.008620689655172414,0.9290229885057472
low_complexity,local_defect,0.003,5,evidence_gated,0.0035309468540830084,0.0022884108730090594,0.9856,0.08888888888888889,41,4,5,575,0.072,0.9111111111111111,0.8913043478260869,0.008620689655172414,0.9512452107279694
low_complexity,local_defect,0.003,6,uncertainty_only,0.00476056096811869,0.002503802103666447,0.9856,1.0,0,9,0,616,0.0144,0.0,0.0,0.0,0.5
low_complexity,local_defect,0.003,6,two_sided_straddle,0.004297163043463085,0.0025208815632555906,0.9952,0.3333333333333333,6,3,0,616,0.0144,0.6666666666666666,1.0,0.0,0.8333333333333333
low_complexity,local_defect,0.003,6,posterior_risk,0.00439536736208614,0.002969922463718249,0.992,0.3333333333333333,6,3,2,614,0.0144,0.6666666666666666,0.75,0.003246753246753247,0.8317099567099566
low_complexity,local_defect,0.003,6,evidence_no_geometry,0.004753631098250443,0.0028665443069469995,0.9936,0.3333333333333333,6,3,1,615,0.0144,0.6666666666666666,0.8571428571428571,0.0016233766233766235,0.832521645021645
low_complexity,local_defect,0.003,6,evidence_gated,0.004293052042175253,0.0024329939738928943,0.992,0.4444444444444444,5,4,1,615,0.0144,0.5555555555555556,0.8333333333333334,0.0016233766233766235,0.7769660894660895
low_complexity,local_defect,0.003,7,uncertainty_only,0.0033950685536714457,0.00244702043199651,0.9952,0.045454545454545456,21,1,2,601,0.0352,0.9545454545454546,0.9130434782608695,0.003316749585406302,0.9756143524800241
low_complexity,local_defect,0.003,7,two_sided_straddle,0.003670552503982391,0.0027912073746223292,0.9968,0.0,22,0,2,601,0.0352,1.0,0.9166666666666666,0.003316749585406302,0.9983416252072969
low_complexity,local_defect,0.003,7,posterior_risk,0.0031513466589804875,0.0023481322027083694,0.9984,0.0,22,0,1,602,0.0352,1.0,0.9565217391304348,0.001658374792703151,0.9991708126036485
low_complexity,local_defect,0.003,7,evidence_no_geometry,0.003211253487975111,0.0024061353955746275,0.9984,0.0,22,0,1,602,0.0352,1.0,0.9565217391304348,0.001658374792703151,0.9991708126036485
low_complexity,local_defect,0.003,7,evidence_gated,0.002965899355110772,0.0022461025069505725,0.9968,0.0,22,0,2,601,0.0352,1.0,0.9166666666666666,0.003316749585406302,0.9983416252072969
low_complexity,local_defect,0.008,0,uncertainty_only,0.00648142940886294,0.00482962031027638,0.9904,0.42857142857142855,4,3,3,615,0.0112,0.5714285714285714,0.5714285714285714,0.0048543689320388345,0.7832871012482663
low_complexity,local_defect,0.008,0,two_sided_straddle,0.005984645133540111,0.004812428971283872,0.9984,0.0,7,0,1,617,0.0112,1.0,0.875,0.0016181229773462784,0.9991909385113269
low_complexity,local_defect,0.008,0,posterior_risk,0.0083034704034045,0.005676252754811244,0.9888,1.0,0,7,0,618,0.0112,0.0,0.0,0.0,0.5
low_complexity,local_defect,0.008,0,evidence_no_geometry,0.006425145808940893,0.005263501477711368,1.0,0.0,7,0,0,618,0.0112,1.0,1.0,0.0,1.0
low_complexity,local_defect,0.008,0,evidence_gated,0.005805846344614008,0.004755909008731303,0.9984,0.0,7,0,1,617,0.0112,1.0,0.875,0.0016181229773462784,0.9991909385113269
low_complexity,local_defect,0.008,1,uncertainty_only,0.007269445734043347,0.005740319368710334,0.976,0.45454545454545453,6,5,10,604,0.0176,0.5454545454545454,0.375,0.016286644951140065,0.7645839502517027
low_complexity,local_defect,0.008,1,two_sided_straddle,0.006708172861869878,0.005348811557087744,0.9744,0.0,11,0,16,598,0.0176,1.0,0.4074074074074074,0.026058631921824105,0.9869706840390879
low_complexity,local_defect,0.008,1,posterior_risk,0.007273359692350779,0.005815715345169035,0.9904,0.0,11,0,6,608,0.0176,1.0,0.6470588235294118,0.009771986970684038,0.995114006514658
low_complexity,local_defect,0.008,1,evidence_no_geometry,0.005776413119928728,0.004589882428869553,0.9888,0.0,11,0,7,607,0.0176,1.0,0.6111111111111112,0.011400651465798045,0.994299674267101
low_complexity,local_defect,0.008,1,evidence_gated,0.006481690817386888,0.0051418617696804,0.9792,0.09090909090909091,10,1,12,602,0.0176,0.9090909090909091,0.45454545454545453,0.019543973941368076,0.9447734675747705
low_complexity,local_defect,0.008,2,uncertainty_only,0.00642930414010257,0.005120485028631974,0.9968,0.0,6,0,2,617,0.0096,1.0,0.75,0.0032310177705977385,0.9983844911147011
low_complexity,local_defect,0.008,2,two_sided_straddle,0.005599167602982139,0.00450902006164585,0.9984,0.0,6,0,1,618,0.0096,1.0,0.8571428571428571,0.0016155088852988692,0.9991922455573505
low_complexity,local_defect,0.008,2,posterior_risk,0.005911896824196262,0.004752103893845765,0.9984,0.0,6,0,1,618,0.0096,1.0,0.8571428571428571,0.0016155088852988692,0.9991922455573505
low_complexity,local_defect,0.008,2,evidence_no_geometry,0.006613936937162779,0.005352351782500498,0.9984,0.0,6,0,1,618,0.0096,1.0,0.8571428571428571,0.0016155088852988692,0.9991922455573505
low_complexity,local_defect,0.008,2,evidence_gated,0.005958870992022302,0.00483578737934443,0.9984,0.0,6,0,1,618,0.0096,1.0,0.8571428571428571,0.0016155088852988692,0.9991922455573505
low_complexity,local_defect,0.008,3,uncertainty_only,0.006083872775213235,0.004704927520234419,0.9968,0.1,9,1,1,614,0.016,0.9,0.9,0.0016260162601626016,0.9491869918699187
low_complexity,local_defect,0.008,3,two_sided_straddle,0.006884139306535267,0.005469844348423776,1.0,0.0,10,0,0,615,0.016,1.0,1.0,0.0,1.0
low_complexity,local_defect,0.008,3,posterior_risk,0.006229710896284558,0.005146483746010247,1.0,0.0,10,0,0,615,0.016,1.0,1.0,0.0,1.0
low_complexity,local_defect,0.008,3,evidence_no_geometry,0.006530184787452283,0.0051791813413219175,1.0,0.0,10,0,0,615,0.016,1.0,1.0,0.0,1.0
low_complexity,local_defect,0.008,3,evidence_gated,0.005700700395660764,0.004479126144059413,1.0,0.0,10,0,0,615,0.016,1.0,1.0,0.0,1.0
low_complexity,local_defect,0.008,4,uncertainty_only,0.006651174929990496,0.005201088343057409,0.9936,0.0,19,0,4,602,0.0304,1.0,0.8260869565217391,0.006600660066006601,0.9966996699669968
low_complexity,local_defect,0.008,4,two_sided_straddle,0.005682213089875624,0.004378237497694191,0.9968,0.0,19,0,2,604,0.0304,1.0,0.9047619047619048,0.0033003300330033004,0.9983498349834983
low_complexity,local_defect,0.008,4,posterior_risk,0.006459980868289311,0.0052119572720589575,0.9968,0.05263157894736842,18,1,1,605,0.0304,0.9473684210526315,0.9473684210526315,0.0016501650165016502,0.972859128018065
low_complexity,local_defect,0.008,4,evidence_no_geometry,0.006506937747347285,0.005059967369483185,0.9968,0.05263157894736842,18,1,1,605,0.0304,0.9473684210526315,0.9473684210526315,0.0016501650165016502,0.972859128018065
low_complexity,local_defect,0.008,4,evidence_gated,0.006279595961817693,0.004927588035989805,0.9936,0.10526315789473684,17,2,2,604,0.0304,0.8947368421052632,0.8947368421052632,0.0033003300330033004,0.9457182560361299
low_complexity,local_defect,0.008,5,uncertainty_only,0.006789426485852704,0.005434204927790147,0.9456,0.2222222222222222,35,10,24,556,0.072,0.7777777777777778,0.5932203389830508,0.041379310344827586,0.8681992337164751
low_complexity,local_defect,0.008,5,two_sided_straddle,0.006806112111749858,0.0052570371632587095,0.9584,0.17777777777777778,37,8,18,562,0.072,0.8222222222222222,0.6727272727272727,0.03103448275862069,0.8955938697318008
low_complexity,local_defect,0.008,5,posterior_risk,0.007894607587858852,0.006199187073571698,0.9632,0.2,36,9,14,566,0.072,0.8,0.72,0.02413793103448276,0.8879310344827587
low_complexity,local_defect,0.008,5,evidence_no_geometry,0.006116633445074047,0.0050567386431382005,0.9664,0.13333333333333333,39,6,15,565,0.072,0.8666666666666667,0.7222222222222222,0.02586206896551724,0.9204022988505747
low_complexity,local_defect,0.008,5,evidence_gated,0.0063129381332187925,0.005120949236226097,0.9616,0.2,36,9,15,565,0.072,0.8,0.7058823529411765,0.02586206896551724,0.8870689655172415
low_complexity,local_defect,0.008,6,uncertainty_only,0.00806448075935017,0.00610139506120005,0.9712,0.3333333333333333,6,3,15,601,0.0144,0.6666666666666666,0.2857142857142857,0.024350649350649352,0.8211580086580086
low_complexity,local_defect,0.008,6,two_sided_straddle,0.007443065723510485,0.005609790191975647,0.9888,0.3333333333333333,6,3,4,612,0.0144,0.6666666666666666,0.6,0.006493506493506494,0.8300865800865801
low_complexity,local_defect,0.008,6,posterior_risk,0.007463073908012813,0.00560977157989366,0.9888,0.3333333333333333,6,3,4,612,0.0144,0.6666666666666666,0.6,0.006493506493506494,0.8300865800865801
low_complexity,local_defect,0.008,6,evidence_no_geometry,0.006981003857078884,0.0052559098239576985,0.984,0.4444444444444444,5,4,6,610,0.0144,0.5555555555555556,0.45454545454545453,0.00974025974025974,0.772907647907648
low_complexity,local_defect,0.008,6,evidence_gated,0.007097467449844216,0.0056734135119476175,0.9856,0.2222222222222222,7,2,7,609,0.0144,0.7777777777777778,0.5,0.011363636363636364,0.8832070707070707
low_complexity,local_defect,0.008,7,uncertainty_only,0.0055399267598628225,0.004332870188101616,0.9824,0.045454545454545456,21,1,10,593,0.0352,0.9545454545454546,0.6774193548387096,0.01658374792703151,0.9689808533092115
low_complexity,local_defect,0.008,7,two_sided_straddle,0.005692651561471112,0.004375711922468261,0.9904,0.045454545454545456,21,1,5,598,0.0352,0.9545454545454546,0.8076923076923077,0.008291873963515755,0.9731267902909695
low_complexity,local_defect,0.008,7,posterior_risk,0.006387758040745197,0.005125355693414948,0.992,0.0,22,0,5,598,0.0352,1.0,0.8148148148148148,0.008291873963515755,0.9958540630182422
low_complexity,local_defect,0.008,7,evidence_no_geometry,0.005950614096217969,0.004646146949780891,0.9856,0.0,22,0,9,594,0.0352,1.0,0.7096774193548387,0.014925373134328358,0.9925373134328358
low_complexity,local_defect,0.008,7,evidence_gated,0.006111061619342816,0.004682381049277477,0.9904,0.045454545454545456,21,1,5,598,0.0352,0.9545454545454546,0.8076923076923077,0.008291873963515755,0.9731267902909695
low_complexity,mixed,0.003,0,uncertainty_only,0.0036736319364846512,0.0028384403005852965,0.9888,0.4,9,6,1,609,0.024,0.6,0.9,0.001639344262295082,0.7991803278688525
low_complexity,mixed,0.003,0,two_sided_straddle,0.004714743757051276,0.0033778907322882766,0.9936,0.06666666666666667,14,1,3,607,0.024,0.9333333333333333,0.8235294117647058,0.004918032786885246,0.964207650273224
low_complexity,mixed,0.003,0,posterior_risk,0.006769138535010002,0.004546060620829285,0.984,0.4,9,6,4,606,0.024,0.6,0.6923076923076923,0.006557377049180328,0.7967213114754098
low_complexity,mixed,0.003,0,evidence_no_geometry,0.004884432721700649,0.003669280570843958,0.9888,0.2,12,3,4,606,0.024,0.8,0.75,0.006557377049180328,0.8967213114754098
low_complexity,mixed,0.003,0,evidence_gated,0.004975549688094388,0.003699303128925145,0.9856,0.2,12,3,6,604,0.024,0.8,0.6666666666666666,0.009836065573770493,0.8950819672131147
low_complexity,mixed,0.003,1,uncertainty_only,0.0038333621204511346,0.00294419776434893,0.9792,0.37037037037037035,17,10,3,595,0.0432,0.6296296296296297,0.85,0.005016722408026756,0.8123064536108014
low_complexity,mixed,0.003,1,two_sided_straddle,0.004707858586540094,0.0036894697024020323,0.992,0.14814814814814814,23,4,1,597,0.0432,0.8518518518518519,0.9583333333333334,0.0016722408026755853,0.9250898055245882
low_complexity,mixed,0.003,1,posterior_risk,0.006487814869091874,0.004854818123167603,0.9936,0.1111111111111111,24,3,1,597,0.0432,0.8888888888888888,0.96,0.0016722408026755853,0.9436083240431066
low_complexity,mixed,0.003,1,evidence_no_geometry,0.0051551984870869556,0.004024184117215249,0.9968,0.07407407407407407,25,2,0,598,0.0432,0.9259259259259259,1.0,0.0,0.962962962962963
low_complexity,mixed,0.003,1,evidence_gated,0.003999465723765347,0.003207980921724594,0.992,0.14814814814814814,23,4,1,597,0.0432,0.8518518518518519,0.9583333333333334,0.0016722408026755853,0.9250898055245882
low_complexity,mixed,0.003,2,uncertainty_only,0.00326835200805953,0.002626700670453646,0.992,0.4166666666666667,7,5,0,613,0.0192,0.5833333333333334,1.0,0.0,0.7916666666666667
low_complexity,mixed,0.003,2,two_sided_straddle,0.004048313941467829,0.0032021329279340407,0.9984,0.08333333333333333,11,1,0,613,0.0192,0.9166666666666666,1.0,0.0,0.9583333333333333
low_complexity,mixed,0.003,2,posterior_risk,0.005428271358440051,0.00403016637261548,0.9968,0.08333333333333333,11,1,1,612,0.0192,0.9166666666666666,0.9166666666666666,0.0016313213703099511,0.9575176726481783
low_complexity,mixed,0.003,2,evidence_no_geometry,0.003979727210613605,0.003171460278703182,0.9952,0.25,9,3,0,613,0.0192,0.75,1.0,0.0,0.875
low_complexity,mixed,0.003,2,evidence_gated,0.0036065353768696584,0.0029512271017167876,1.0,0.0,12,0,0,613,0.0192,1.0,1.0,0.0,1.0
low_complexity,mixed,0.003,3,uncertainty_only,0.0031771009447756795,0.0026088962358643995,0.9776,0.2619047619047619,31,11,3,580,0.0672,0.7380952380952381,0.9117647058823529,0.005145797598627788,0.8664747202483052
low_complexity,mixed,0.003,3,two_sided_straddle,0.005891235461363005,0.004305909349186777,0.9872,0.11904761904761904,37,5,3,580,0.0672,0.8809523809523809,0.925,0.005145797598627788,0.9379032916768766
low_complexity,mixed,0.003,3,posterior_risk,0.007309768318115408,0.005229634806864957,0.9952,0.047619047619047616,40,2,1,582,0.0672,0.9523809523809523,0.975609756097561,0.0017152658662092624,0.9753328432573716
low_complexity,mixed,0.003,3,evidence_no_geometry,0.004944489728542374,0.0036984010575168823,0.992,0.09523809523809523,38,4,1,582,0.0672,0.9047619047619048,0.9743589743589743,0.0017152658662092624,0.9515233194478477
low_complexity,mixed,0.003,3,evidence_gated,0.005443463977441255,0.004044059347719636,0.9888,0.09523809523809523,38,4,3,580,0.0672,0.9047619047619048,0.926829268292683,0.005145797598627788,0.9498080535816384
low_complexity,mixed,0.003,4,uncertainty_only,0.004286368034280936,0.003102597309513205,0.9808,0.2631578947368421,14,5,7,599,0.0304,0.7368421052631579,0.6666666666666666,0.01155115511551155,0.8626454750738232
low_complexity,mixed,0.003,4,two_sided_straddle,0.00634283564134699,0.0046528233673458754,0.9888,0.21052631578947367,15,4,3,603,0.0304,0.7894736842105263,0.8333333333333334,0.0049504950495049506,0.8922615945805107
low_complexity,mixed,0.003,4,posterior_risk,0.008316191479399191,0.006152303816088793,0.9888,0.15789473684210525,16,3,4,602,0.0304,0.8421052631578947,0.8,0.006600660066006601,0.9177523015459441
low_complexity,mixed,0.003,4,evidence_no_geometry,0.005667262111295039,0.0040987072527128,0.9872,0.21052631578947367,15,4,4,602,0.0304,0.7894736842105263,0.7894736842105263,0.006600660066006601,0.8914365120722598
low_complexity,mixed,0.003,4,evidence_gated,0.005968991437243355,0.004405704996213308,0.9904,0.15789473684210525,16,3,3,603,0.0304,0.8421052631578947,0.8421052631578947,0.0049504950495049506,0.9185773840541949
low_complexity,mixed,0.003,5,uncertainty_only,0.004245879311278073,0.003089051143389341,0.9872,0.5384615384615384,6,7,1,611,0.0208,0.46153846153846156,0.8571428571428571,0.0016339869281045752,0.7299522373051786
low_complexity,mixed,0.003,5,two_sided_straddle,0.004137643135589941,0.003074456997991964,0.9888,0.3076923076923077,9,4,3,609,0.0208,0.6923076923076923,0.75,0.004901960784313725,0.8437028657616893
low_complexity,mixed,0.003,5,posterior_risk,0.006072293756495649,0.004737483282070065,0.9904,0.23076923076923078,10,3,3,609,0.0208,0.7692307692307693,0.7692307692307693,0.004901960784313725,0.8821644042232277
low_complexity,mixed,0.003,5,evidence_no_geometry,0.004446459875935826,0.003451656851646463,0.992,0.23076923076923078,10,3,2,610,0.0208,0.7692307692307693,0.8333333333333334,0.0032679738562091504,0.88298139768728
low_complexity,mixed,0.003,5,evidence_gated,0.004304805736262786,0.003266661260769571,0.9904,0.3076923076923077,9,4,2,610,0.0208,0.6923076923076923,0.8181818181818182,0.0032679738562091504,0.8445198592257416
low_complexity,mixed,0.003,6,uncertainty_only,0.0034931694051997613,0.0025647278944917486,0.9888,0.25,15,5,2,603,0.032,0.75,0.8823529411764706,0.003305785123966942,0.8733471074380166
low_complexity,mixed,0.003,6,two_sided_straddle,0.003899932306262562,0.002996242262339754,0.9904,0.05,19,1,5,600,0.032,0.95,0.7916666666666666,0.008264462809917356,0.9708677685950413
low_complexity,mixed,0.003,6,posterior_risk,0.006233269437432941,0.004682115039554351,0.9856,0.2,16,4,5,600,0.032,0.8,0.7619047619047619,0.008264462809917356,0.8958677685950414
low_complexity,mixed,0.003,6,evidence_no_geometry,0.004549836268696734,0.003473381068269444,0.992,0.05,19,1,4,601,0.032,0.95,0.8260869565217391,0.006611570247933884,0.971694214876033
low_complexity,mixed,0.003,6,evidence_gated,0.004535221706264039,0.0035211331846734324,0.9888,0.15,17,3,4,601,0.032,0.85,0.8095238095238095,0.006611570247933884,0.921694214876033
low_complexity,mixed,0.003,7,uncertainty_only,0.004746494028187641,0.003164815900813018,0.9792,0.17142857142857143,29,6,7,583,0.056,0.8285714285714286,0.8055555555555556,0.011864406779661017,0.9083535108958838
low_complexity,mixed,0.003,7,two_sided_straddle,0.006725591327741984,0.004469316826449276,0.984,0.17142857142857143,29,6,4,586,0.056,0.8285714285714286,0.8787878787878788,0.006779661016949152,0.9108958837772397
low_complexity,mixed,0.003,7,posterior_risk,0.00833530015183733,0.006000089377002929,0.9824,0.17142857142857143,29,6,5,585,0.056,0.8285714285714286,0.8529411764705882,0.00847457627118644,0.9100484261501212
low_complexity,mixed,0.003,7,evidence_no_geometry,0.005500735993114791,0.003996816925679867,0.9824,0.17142857142857143,29,6,5,585,0.056,0.8285714285714286,0.8529411764705882,0.00847457627118644,0.9100484261501212
low_complexity,mixed,0.003,7,evidence_gated,0.006639377471152323,0.0048415712190421414,0.9824,0.2,28,7,4,586,0.056,0.8,0.875,0.006779661016949152,0.8966101694915254
low_complexity,mixed,0.008,0,uncertainty_only,0.007049225453709236,0.00575713043473187,0.9744,0.4,9,6,10,600,0.024,0.6,0.47368421052631576,0.01639344262295082,0.7918032786885245
low_complexity,mixed,0.008,0,two_sided_straddle,0.009009033427719835,0.007045006415592246,0.9712,0.4,9,6,12,598,0.024,0.6,0.42857142857142855,0.019672131147540985,0.7901639344262295
low_complexity,mixed,0.008,0,posterior_risk,0.00927124216011406,0.007153974901203125,0.9824,0.2,12,3,8,602,0.024,0.8,0.6,0.013114754098360656,0.8934426229508197
low_complexity,mixed,0.008,0,evidence_no_geometry,0.009169252120202228,0.007118855222052393,0.9808,0.3333333333333333,10,5,7,603,0.024,0.6666666666666666,0.5882352941176471,0.011475409836065573,0.8275956284153005
low_complexity,mixed,0.008,0,evidence_gated,0.009722160096041575,0.007202758194601475,0.9728,0.4666666666666667,8,7,10,600,0.024,0.5333333333333333,0.4444444444444444,0.01639344262295082,0.7584699453551913
low_complexity,mixed,0.008,1,uncertainty_only,0.007086673672463529,0.005567537966876167,0.9808,0.14814814814814814,23,4,8,590,0.0432,0.8518518518518519,0.7419354838709677,0.013377926421404682,0.9192369627152236
low_complexity,mixed,0.008,1,two_sided_straddle,0.008764737253865718,0.006864185601114511,0.9792,0.18518518518518517,22,5,8,590,0.0432,0.8148148148148148,0.7333333333333333,0.013377926421404682,0.9007184441967051
low_complexity,mixed,0.008,1,posterior_risk,0.009316063909886324,0.007055152340952776,0.9904,0.07407407407407407,25,2,4,594,0.0432,0.9259259259259259,0.8620689655172413,0.006688963210702341,0.9596184813576119
low_complexity,mixed,0.008,1,evidence_no_geometry,0.009221484161837618,0.007169793739725594,0.9824,0.25925925925925924,20,7,4,594,0.0432,0.7407407407407407,0.8333333333333334,0.006688963210702341,0.8670258887650192
low_complexity,mixed,0.008,1,evidence_gated,0.008276045804054905,0.006328515653045212,0.984,0.18518518518518517,22,5,5,593,0.0432,0.8148148148148148,0.8148148148148148,0.008361204013377926,0.9032268054007184
low_complexity,mixed,0.008,2,uncertainty_only,0.007089366486753351,0.005578959540338066,0.9728,0.08333333333333333,11,1,16,597,0.0192,0.9166666666666666,0.4074074074074074,0.026101141924959218,0.9452827623708537
low_complexity,mixed,0.008,2,two_sided_straddle,0.007286454449290093,0.0056712580488662056,0.976,0.4166666666666667,7,5,10,603,0.0192,0.5833333333333334,0.4117647058823529,0.01631321370309951,0.783510059815117
low_complexity,mixed,0.008,2,posterior_risk,0.009225255481545958,0.007404411959964938,0.9808,0.3333333333333333,8,4,8,605,0.0192,0.6666666666666666,0.5,0.013050570962479609,0.8268080478520935
low_complexity,mixed,0.008,2,evidence_no_geometry,0.007404404717604767,0.005866139856488944,0.984,0.08333333333333333,11,1,9,604,0.0192,0.9166666666666666,0.55,0.01468189233278956,0.9509923871669386
low_complexity,mixed,0.008,2,evidence_gated,0.007313096875663513,0.005601450746649319,0.9824,0.08333333333333333,11,1,10,603,0.0192,0.9166666666666666,0.5238095238095238,0.01631321370309951,0.9501767264817835
low_complexity,mixed,0.008,3,uncertainty_only,0.007027681972273519,0.005690628471401899,0.9632,0.2619047619047619,31,11,12,571,0.0672,0.7380952380952381,0.7209302325581395,0.02058319039451115,0.8587560238503635
low_complexity,mixed,0.008,3,two_sided_straddle,0.0076552897925426956,0.0062225501053572675,0.9776,0.16666666666666666,35,7,7,576,0.0672,0.8333333333333334,0.8333333333333334,0.012006861063464836,0.9106632361349343
low_complexity,mixed,0.008,3,posterior_risk,0.01027747027346377,0.008127041747796555,0.9648,0.40476190476190477,25,17,5,578,0.0672,0.5952380952380952,0.8333333333333334,0.008576329331046312,0.7933308829535244
low_complexity,mixed,0.008,3,evidence_no_geometry,0.008452587526404057,0.006812023772982317,0.9728,0.2857142857142857,30,12,5,578,0.0672,0.7142857142857143,0.8571428571428571,0.008576329331046312,0.8528546924773339
low_complexity,mixed,0.008,3,evidence_gated,0.007800487694637671,0.00609731432039384,0.9712,0.30952380952380953,29,13,5,578,0.0672,0.6904761904761905,0.8529411764705882,0.008576329331046312,0.8409499305725721
low_complexity,mixed,0.008,4,uncertainty_only,0.0060881591058393,0.0047915921950777846,0.9792,0.3684210526315789,12,7,6,600,0.0304,0.631578947368421,0.6666666666666666,0.009900990099009901,0.8108389786347056
low_complexity,mixed,0.008,4,two_sided_straddle,0.007637706479178589,0.006269020360711303,0.9824,0.21052631578947367,15,4,7,599,0.0304,0.7894736842105263,0.6818181818181818,0.01155115511551155,0.8889612645475073
low_complexity,mixed,0.008,4,posterior_risk,0.008812972964298485,0.007159443789826088,0.9952,0.0,19,0,3,603,0.0304,1.0,0.8636363636363636,0.0049504950495049506,0.9975247524752475
low_complexity,mixed,0.008,4,evidence_no_geometry,0.0068100568164087385,0.0055015618761970015,0.9888,0.21052631578947367,15,4,3,603,0.0304,0.7894736842105263,0.8333333333333334,0.0049504950495049506,0.8922615945805107
low_complexity,mixed,0.008,4,evidence_gated,0.007527506334008263,0.006004441954664736,0.9824,0.2631578947368421,14,5,6,600,0.0304,0.7368421052631579,0.7,0.009900990099009901,0.863470557582074
low_complexity,mixed,0.008,5,uncertainty_only,0.006926556253876304,0.005481827683845607,0.9632,0.6153846153846154,5,8,15,597,0.0208,0.38461538461538464,0.25,0.024509803921568627,0.680052790346908
low_complexity,mixed,0.008,5,two_sided_straddle,0.009006498244397969,0.007133035046045368,0.96,0.46153846153846156,7,6,19,593,0.0208,0.5384615384615384,0.2692307692307692,0.03104575163398693,0.7537078934137758
low_complexity,mixed,0.008,5,posterior_risk,0.010084859624779782,0.00772909267032975,0.9712,0.46153846153846156,7,6,12,600,0.0208,0.5384615384615384,0.3684210526315789,0.0196078431372549,0.7594268476621417
low_complexity,mixed,0.008,5,evidence_no_geometry,0.0074296958899489245,0.005836869997439796,0.9728,0.38461538461538464,8,5,12,600,0.0208,0.6153846153846154,0.4,0.0196078431372549,0.7978883861236803
low_complexity,mixed,0.008,5,evidence_gated,0.00681749618559378,0.005276874518977795,0.9712,0.38461538461538464,8,5,13,599,0.0208,0.6153846153846154,0.38095238095238093,0.021241830065359478,0.797071392659628
low_complexity,mixed,0.008,6,uncertainty_only,0.0059764530492536225,0.00468133944441097,0.9792,0.45,11,9,4,601,0.032,0.55,0.7333333333333333,0.006611570247933884,0.7716942148760331
low_complexity,mixed,0.008,6,two_sided_straddle,0.00799647583707904,0.005768551891362525,0.9808,0.35,13,7,5,600,0.032,0.65,0.7222222222222222,0.008264462809917356,0.8208677685950414
low_complexity,mixed,0.008,6,posterior_risk,0.00813959743860735,0.006257676450931976,0.9872,0.3,14,6,2,603,0.032,0.7,0.875,0.003305785123966942,0.8483471074380164
low_complexity,mixed,0.008,6,evidence_no_geometry,0.0063174686549386004,0.004842500870071329,0.9856,0.3,14,6,3,602,0.032,0.7,0.8235294117647058,0.0049586776859504135,0.8475206611570247
low_complexity,mixed,0.008,6,evidence_gated,0.007522281910852118,0.005725718565162179,0.9808,0.4,12,8,4,601,0.032,0.6,0.75,0.006611570247933884,0.796694214876033
low_complexity,mixed,0.008,7,uncertainty_only,0.007753894689806349,0.00625761874198734,0.9632,0.2857142857142857,25,10,13,577,0.056,0.7142857142857143,0.6578947368421053,0.022033898305084745,0.8461259079903147
low_complexity,mixed,0.008,7,two_sided_straddle,0.008848173518987732,0.0063687204381634175,0.9696,0.37142857142857144,22,13,6,584,0.056,0.6285714285714286,0.7857142857142857,0.010169491525423728,0.8092009685230024
low_complexity,mixed,0.008,7,posterior_risk,0.011352973460958777,0.008767827159694009,0.9632,0.42857142857142855,20,15,8,582,0.056,0.5714285714285714,0.7142857142857143,0.013559322033898305,0.7789346246973365
low_complexity,mixed,0.008,7,evidence_no_geometry,0.008837553627647952,0.006938453674801036,0.9616,0.34285714285714286,23,12,12,578,0.056,0.6571428571428571,0.6571428571428571,0.020338983050847456,0.8184019370460048
low_complexity,mixed,0.008,7,evidence_gated,0.008606855593712128,0.006615013556725827,0.9664,0.2857142857142857,25,10,11,579,0.056,0.7142857142857143,0.6944444444444444,0.01864406779661017,0.8478208232445521
